{"Item":{"PK":{"S":"cus1000"},"SK":{"S":"--"},"record_type":{"S":"customer"},"customer_id":{"N":"1000"},"customer_name":{"S":"Smith, Pat"},"address":{"S":"123 Main Street, Boston, MA 02215"},"customer_notes":{"S":""}}}
{"Item":{"PK":{"S":"cus1001"},"SK":{"S":"--"},"record_type":{"S":"customer"},"customer_id":{"N":"1001"},"customer_name":{"S":"Newton, Oliver"},"address":{"S":"222 Elm Street, Bella Vista, AR 72715"},"customer_notes":{"S":"Lorem Ipsum"}}}
{"Item":{"PK":{"S":"cus1002"},"SK":{"S":"--"},"record_type":{"S":"customer"},"customer_id":{"N":"1002"},"customer_name":{"S":"Tanook, Tom"},"address":{"S":"301 Pacific Avenue, Santa Cruz, CA 95060"},"customer_notes":{"S":"Lorem Si Dolor"}}}
{"Item":{"PK":{"S":"prd1000"},"SK":{"S":"ver0"},"record_type":{"S":"product"},"product_id":{"N":"1000"},"version":{"N":"0"},"product_name":{"S":"car1"},"product_type":{"S":"automotive"},"product_description":{"S":"Fast convertible"},"list_price":{"N":"75000.00"},"image_bucket":{"S":"dynamodb-images"},"image_object":{"S":"img/car1.jpg"}}}
{"Item":{"PK":{"S":"prd1001"},"SK":{"S":"ver0"},"record_type":{"S":"product"},"product_id":{"N":"1001"},"version":{"N":"0"},"product_name":{"S":"car2"},"product_type":{"S":"automotive"},"product_description":{"S":"Five seat hybrid"},"list_price":{"N":"30000.00"},"image_bucket":{"S":"dynamodb-images"},"image_object":{"S":"img/car2.jpg"}}}
