{"Item":{"PK":{"S":"evt1000"},"SK":{"S":"--"},"customer_event_time":{"S":"cus1000#2022-11-22 11:22:00"},"record_type":{"S":"event"},"customer_id":{"N":"1000"},"product_id":{"N":"1000"},"event_id":{"N":"1000"},"event_type":{"S":"hover"},"event_time":{"S":"2022-11-22 11:22:00"},"event_status":{"S":"active"},"event_scalar":{"N":"0.5080000"},"description":{"S":"user hovered over target"}}}
{"Item":{"PK":{"S":"evt1001"},"SK":{"S":"--"},"customer_event_time":{"S":"cus1000#2022-11-22 11:22:10"},"record_type":{"S":"event"},"customer_id":{"N":"1000"},"product_id":{"N":"1002"},"event_id":{"N":"1001"},"event_type":{"S":"click"},"event_time":{"S":"2022-11-22 11:22:10"},"event_status":{"S":"active"},"event_scalar":{"N":"0.7810000"},"description":{"S":"user clicked on target"}}}
{"Item":{"PK":{"S":"evt1002"},"SK":{"S":"--"},"customer_event_time":{"S":"cus1001#2022-11-23 11:33:00"},"record_type":{"S":"event"},"customer_id":{"N":"1001"},"product_id":{"N":"1003"},"event_id":{"N":"1002"},"event_type":{"S":"click"},"event_time":{"S":"2022-11-23 11:33:00"},"event_status":{"S":"active"},"event_scalar":{"N":"0.7810000"},"description":{"S":"user clicked on target"}}}
{"Item":{"PK":{"S":"evt1003"},"SK":{"S":"--"},"customer_event_time":{"S":"cus1001#2022-11-23 11:33:05"},"record_type":{"S":"event"},"customer_id":{"N":"1001"},"product_id":{"N":"1001"},"event_id":{"N":"1003"},"event_type":{"S":"video"},"event_time":{"S":"2022-11-23 11:33:05"},"event_status":{"S":"active"},"description":{"S":"launched video"}}}
{"Item":{"PK":{"S":"evt1004"},"SK":{"S":"--"},"customer_event_time":{"S":"cus1002#2022-11-23 11:33:05"},"record_type":{"S":"event"},"customer_id":{"N":"1002"},"product_id":{"N":"1001"},"event_id":{"N":"1004"},"event_type":{"S":"video"},"event_time":{"S":"2022-11-23 11:33:05"},"event_status":{"S":"active"},"description":{"S":"launched video"}}}
