{"Item":{"SK":{"S":"ver0"},"record_type":{"S":"product"},"product_id":{"N":"1002"},"version":{"N":"0"},"product_name":{"S":"car3"},"product_type":{"S":"automotive"},"product_description":{"S":"4x4 sport"},"list_price":{"N":"35000.00"},"image_bucket":{"S":"dynamodb-images"},"image_object":{"S":"img/car3.jpg"}}}
{"Item":{"PK":{"S":"prd1002"},"SK":{"S":"ver1"},"record_type":{"S":"product"},"product_id":{"N":"1002"},"version":{"N":"1"},"product_name":{"S":"car3"},"product_type":{"S":"automotive"},"product_description":{"S":"4x4 sport"},"list_price":{"N":"36000.00"},"image_bucket":{"S":"dynamodb-images"},"image_object":{"S":"img/car3.jpg"}}}
{"Item":{"PK":{"S":"prd1002"},"SK":{"S":"ver2"},"record_type":{"S":"product"},"product_id":{"N":"1002"},"version":{"N":"2"},"product_name":{"S":"car3"},"product_type":{"S":"automotive"},"product_description":{"S":"4x4 sport"},"list_price":{"N":"37000.00"},"image_bucket":{"S":"dynamodb-images"},"image_object":{"S":"img/car3.jpg"}}}
{"Item":{"SK":{"S":"ver0"},"record_type":{"S":"product"},"product_id":{"N":"1003"},"version":{"N":"0"},"product_name":{"S":"car4"},"product_type":{"S":"automotive"},"product_description":{"S":"Luxury convertible"},"list_price":{"N":"85000.00"},"image_bucket":{"S":"dynamodb-images"},"image_object":{"S":"img/car4.jpg"}}}
{"Item":{"PK":{"S":"prd1003"},"SK":{"S":"ver1"},"record_type":{"S":"product"},"product_id":{"N":"1003"},"version":{"N":"1"},"product_name":{"S":"car4"},"product_type":{"S":"automotive"},"product_description":{"S":"Luxury convertible"},"list_price":{"N":"86000.00"},"image_bucket":{"S":"dynamodb-images"},"image_object":{"S":"img/car4.jpg"}}}
