{"Item":{"PK":{"S":"evt1005"},"SK":{"S":"--"},"customer_event_time":{"S":"cus1002#2022-11-23 11:33:12"},"record_type":{"S":"event"},"customer_id":{"N":"1002"},"product_id":{"N":"1001"},"event_id":{"N":"1005"},"event_type":{"S":"saved"},"event_time":{"S":"2022-11-23 11:33:12"},"event_status":{"S":"active"},"description":{"S":"launched video"}}}
{"Item":{"PK":{"S":"evt1006"},"SK":{"S":"--"},"customer_event_time":{"S":"cus1002#2022-11-23 11:33:15"},"record_type":{"S":"event"},"customer_id":{"N":"1002"},"product_id":{"N":"1001"},"event_id":{"N":"1006"},"event_type":{"S":"specs"},"event_time":{"S":"2022-11-23 11:33:15"},"event_status":{"S":"active"},"event_scalar":{"N":"0.1530000"},"description":{"S":"spec sheet"}}}
